question,ground truth,returned answer,label,explanation
What document or legal procedure are necessary to get started for the Athena project?,An NDA,"To get started with the Athena project, it is necessary to send a Non-Disclosure Agreement (NDA).",PASS,Both the ground truth and the returned answer identify the Non-Disclosure Agreement (NDA) as the necessary document to begin the Athena project.
What document or legal procedure are necessary to get started for the Athena project?,An NDA,"To get started with the Athena project, it is necessary to send a Non-Disclosure Agreement (NDA).",PASS,Both the ground truth and the returned answer correctly identify the NDA as the necessary document/legal procedure to begin the Athena project; the returned answer simply provides more context by stating the NDA needs to be sent.
What document or legal procedure are necessary to get started for the Athena project?,An NDA,"To get started with the Athena project, it is necessary to send a Non-Disclosure Agreement (NDA).",PASS,"The returned answer correctly identifies the NDA as the necessary document to get started with the Athena project, accurately reflecting the ground truth."
What is the business goal of Athena Intelligence as outlined in the SOW?,Improve the quality of structured data extraction features,"The business goal of Athena Intelligence, as outlined in the SOW, is to improve the quality of the structured data extraction feature for customers.",PASS,"The returned answer accurately reflects the ground truth by stating the goal is to ""improve the quality of the structured data extraction feature,"" with the  addition of ""for customers"" not contradicting the core meaning and implying a practical application of the improvement."
What is the business goal of Athena Intelligence as outlined in the SOW?,Improve the quality of structured data extraction features,"The business goal of Athena Intelligence, as outlined in the SOW, is to improve the quality of the structured data extraction feature for customers.",PASS,"The returned answer accurately reflects the ground truth by stating the goal is to ""improve the quality of the structured data extraction feature,"" with the  addition of ""for customers"" not contradicting the ground truth and providing further helpful context."
What is the business goal of Athena Intelligence as outlined in the SOW?,Improve the quality of structured data extraction features,"The business goal of Athena Intelligence, as outlined in the SOW, is to improve the quality of the structured data extraction feature for customers.",PASS,"The returned answer accurately reflects the ground truth by stating the goal is to ""improve the quality of the structured data extraction feature,"" with the  addition of ""for customers"" not contradicting the ground truth and providing further helpful context."
Why are evaluations becoming a priority according to the Athena SOW?,Evaluations are becoming a priority because they are starting to scale and need to build more robust pipeline for automated document processing,"Evaluations are becoming a priority according to the Athena SOW because the business is shifting from a forward-deployed model, where custom scripts were used for specific customer needs, to a more automated and robust document pipeline. This transition is crucial as the core product has proven effective, and there is a need to scale this component to become part of the core product, ensuring it is reliable and efficient.",PASS,"The returned answer successfully captures the core reason for prioritizing evaluations – the need for a more robust and automated document processing pipeline to handle scaling, aligning with the ground truth, even though it provides additional context about the business's shift from a forward-deployed model."
Why are evaluations becoming a priority according to the Athena SOW?,Evaluations are becoming a priority because they are starting to scale and need to build more robust pipeline for automated document processing,"Evaluations are becoming a priority according to the Athena SOW because the business is shifting from a forward-deployed model, where custom scripts were used for specific customer needs, to a more automated and robust document pipeline. This transition is necessary to scale the component and integrate it into the core product, making evaluations a critical part of the process to ensure quality and efficiency.",PASS,"The returned answer accurately reflects the ground truth by stating the need for a more robust, automated document processing pipeline to handle scaling, although it provides additional context about the shift away from custom scripts."
Why are evaluations becoming a priority according to the Athena SOW?,Evaluations are becoming a priority because they are starting to scale and need to build more robust pipeline for automated document processing,"Evaluations are becoming a priority according to the Athena SOW because the business is shifting from a forward-deployed model, where custom scripts were used for specific customer needs, to a more automated and robust document pipeline. This transition is crucial as the core product has proven effective, and there is a need to scale this component to become part of the core product, ensuring a more reliable and efficient process.",PASS,"The returned answer successfully captures the core reason for prioritizing evaluations, which is the need for a more robust and automated document processing pipeline to handle scaling, as mentioned in the ground truth."
How did the Athena team do evaluations before?,They iterated evaluations manually,"Before, the Athena team conducted evaluations manually. Engineers would look at the evaluations themselves and iterate on them.",PASS,"The returned answer accurately reflects the ground truth by stating that the Athena team conducted evaluations manually, and adds clarifying detail about engineers iterating on the evaluations themselves, which doesn't contradict the ground truth."
How did the Athena team do evaluations before?,They iterated evaluations manually,"Before, the Athena team conducted evaluations manually. Engineers would look at the evaluations themselves and iterate on them.",PASS,"The returned answer accurately reflects the ground truth by stating that the Athena team conducted evaluations manually, and adds clarifying detail about engineers iterating on them, which doesn't contradict the ground truth."
How did the Athena team do evaluations before?,They iterated evaluations manually,"Before, the Athena team conducted evaluations manually. Engineers would look at the evaluations themselves and iterate on them manually.",PASS,"The returned answer accurately reflects the ground truth by stating that the Athena team conducted evaluations manually, and adds clarifying detail about engineers iterating on them, which doesn't contradict the ground truth."
What are the action items for the Athena project that need to be done?,"Sending an NDA, ability to hit the Athena generation endpoint, and access to langsmith to view data","The action items for the Athena project that need to be done are:

1. Send NDA.
2. Access to endpoint.
3. Langsmith database.",PASS,"While slightly abbreviated, the returned answer includes all the key action items from the ground truth: sending an NDA, accessing the Athena generation endpoint (implied by ""access to endpoint""), and accessing the Langsmith database (which implies access to view data)."
What are the action items for the Athena project that need to be done?,"Sending an NDA, ability to hit the Athena generation endpoint, and access to langsmith to view data","The action items for the Athena project that need to be done are:

1. Send NDA.
2. Gain access to the endpoint.
3. Access the Langsmith database.",PASS,"The returned answer covers all the key points from the ground truth: sending an NDA, access to the Athena generation endpoint (paraphrased as ""access to the endpoint""), and access to Langsmith to view data (paraphrased as ""access the Langsmith database"")."
What are the action items for the Athena project that need to be done?,"Sending an NDA, ability to hit the Athena generation endpoint, and access to langsmith to view data","The action items for the Athena project include:

1. Sending the NDA.
2. Gaining access to the endpoint.
3. Accessing the Langsmith database.",PASS,"The returned answer covers all the key points mentioned in the ground truth: sending the NDA, accessing the Athena generation endpoint (paraphrased as ""gaining access to the endpoint""), and accessing Langsmith to view data (paraphrased as ""accessing the Langsmith database"")."
Who are the key Plexal staff members?,"Key contacts include Bruno Sussat (Senior Director, Consulting), Ruby Motabhoy (Senior Lead, NS), and Tom Webster (Innovation Consultant).","The key Plexal staff members are Bruno Sussat, Senior Director, Consulting; Ruby Motabhoy, Senior Lead, NS; and Tom Webster, Innovation Consultant - Point of Contact.",PASS,"The returned answer includes all key staff members mentioned in the ground truth and their correct titles, accurately capturing the core information requested, despite the slight addition of ""Point of Contact"" for Tom Webster."
Who are the key Plexal staff members?,"Key contacts include Bruno Sussat (Senior Director, Consulting), Ruby Motabhoy (Senior Lead, NS), and Tom Webster (Innovation Consultant).","The key Plexal staff members are Bruno Sussat, Senior Director, Consulting; Ruby Motabhoy, Senior Lead, NS; and Tom Webster, Innovation Consultant - Point of Contact.",PASS,"The returned answer includes all key staff members mentioned in the ground truth and their correct titles, with the minor and inconsequential addition of ""Point of Contact"" for Tom Webster."
Who are the key Plexal staff members?,"Key contacts include Bruno Sussat (Senior Director, Consulting), Ruby Motabhoy (Senior Lead, NS), and Tom Webster (Innovation Consultant).","The key Plexal staff members are Bruno Sussat, Senior Director, Consulting; Ruby Motabhoy, Senior Lead, NS; and Tom Webster, Innovation Consultant - Point of Contact.",PASS,"The returned answer includes all key staff members mentioned in the ground truth and their correct titles, accurately capturing the core information requested, despite the slight addition of ""Point of Contact"" for Tom Webster."
What is the role of Plexal in the proposal?,"Plexal is an organization working with HMG to close the gap between organisations and their problems and solutions, using technology to deliver national security and prosperity.","Plexal's role in the proposal is to bridge the gap between organizations and their problems and solutions by leveraging technology to enhance national security and prosperity. They are working with HMG to discover innovative solutions for technology challenges, particularly encouraging non-traditional suppliers to engage in the national security space. Plexal is responsible for leading the Proof-of-Concept (PoC) delivery with the selected solution provider, ensuring an efficient, flexible, and transparent process. They aim to complete a paid PoC by the end of March 2025.",PASS,The returned answer encompasses all the key information from the ground truth (Plexal working with HMG to connect organizations with solutions using technology for national security and prosperity) and adds further relevant details about their specific responsibilities within the proposal.
What is the role of Plexal in the proposal?,"Plexal is an organization working with HMG to close the gap between organisations and their problems and solutions, using technology to deliver national security and prosperity.","Plexal's role in the proposal is to bridge the gap between organizations and their problems and solutions by leveraging technology to enhance national security and prosperity. They are collaborating with HMG to discover innovative solutions for technology challenges, particularly encouraging non-traditional suppliers such as startups, SMEs, industry, academia, and research institutions to participate in the national security space. Plexal is responsible for leading the Proof-of-Concept (PoC) delivery with the selected solution provider, ensuring an efficient, flexible, and transparent process. They aim to complete a paid PoC by the end of March 2025.",PASS,The returned answer encompasses all the key information from the ground truth answer (Plexal working with HMG to bridge the gap between organizations and their problems/solutions using technology for national security and prosperity) and adds further details about their specific responsibilities within the proposal.
What is the role of Plexal in the proposal?,"Plexal is an organization working with HMG to close the gap between organisations and their problems and solutions, using technology to deliver national security and prosperity.","Plexal's role in the proposal is to bridge the gap between organizations and their problems and solutions by leveraging technology to enhance national security and prosperity. They are collaborating with HMG to discover innovative solutions for technology challenges, particularly in the national security space. Plexal aims to encourage non-traditional suppliers, such as startups, SMEs, industry, academia, and research institutions, to participate in addressing these challenges. They focus on creating a collaborative ecosystem across private and public sectors, ensuring an efficient, flexible, and transparent process for selecting suitable solution providers. Plexal also leads the Proof-of-Concept (PoC) delivery with the preferred supplier, aiming to complete it by the end of March 2025.",PASS,"The returned answer encompasses all the key information from the ground truth (Plexal working with HMG to use technology to solve problems and improve national security and prosperity) and adds further details about their role in facilitating collaboration and managing the Proof-of-Concept, which doesn't contradict the ground truth."
When is the registration of interest due for the Plexal EOI?,"January 6, 2025",The registration of interest for the Plexal EOI was due by 6th January 2025.,PASS,"The returned answer accurately reflects the ground truth, correctly stating the due date as 6th January 2025, despite a slight rephrasing."
When is the registration of interest due for the Plexal EOI?,"January 6, 2025",The registration of interest for the Plexal EOI was due by 6th January 2025.,PASS,"The returned answer accurately states the due date for the Plexal EOI registration of interest as January 6, 2025, matching the ground truth answer, despite a slightly different phrasing."
When is the registration of interest due for the Plexal EOI?,"January 6, 2025",The registration of interest for the Plexal EOI was due by 6th January 2025.,PASS,"The returned answer accurately reflects the ground truth, correctly identifying the due date as 6th January 2025, despite a slightly different phrasing."
Will the Plexal POC be finished before the summer of 2025?,"Yes, the Plexal POC is expected to be finished by March 31, 2025","Yes, the Plexal Proof-of-Concept (PoC) is scheduled to be completed by 31 March 2025, which is before the summer of 2025.",PASS,"The returned answer correctly identifies the completion date of the Plexal POC as March 31, 2025, confirming it will be finished before summer 2025, thus aligning with the ground truth."
Will the Plexal POC be finished before the summer of 2025?,"Yes, the Plexal POC is expected to be finished by March 31, 2025","Yes, the Plexal Proof-of-Concept (PoC) is scheduled to be completed by 31 March 2025, which is before the summer of 2025.",PASS,"The returned answer correctly identifies that the Plexal POC is expected to be finished before summer 2025 and provides the correct completion date of March 31, 2025, aligning with the ground truth."
Will the Plexal POC be finished before the summer of 2025?,"Yes, the Plexal POC is expected to be finished by March 31, 2025","Yes, the Plexal Proof-of-Concept (PoC) is scheduled to be completed by 31 March 2025, which is before the summer of 2025.",PASS,"The returned answer correctly identifies that the Plexal POC is expected to be finished before Summer 2025 and provides the correct completion date of March 31, 2025, aligning with the ground truth."
What information should be included in the Plexal EOI?,"The EOI should include an overview of the organization, relevant experience, the approach to meeting the sub-requirements, and innovative solutions. ","The Plexal Expression of Interest (EOI) should include the following information:

1. **Organisation Overview and Relevance**: Provide an introduction to your organisation, highlighting any relevant experience, particularly in team experience or working in National Security & Defence (NS&D). Demonstrate your capability to successfully deliver a Proof of Concept (PoC) with a government client.

2. **Approach to Requirements**: Explain how your solution could meet the identified priority capabilities and sub-requirements of the challenge. Highlight any innovative approaches and indicate where development is needed through the PoC.

3. **No Project Plan Required**: A project plan for the PoC is not necessary at this stage and can be discussed later in the process.

4. **Conciseness**: The EOI should be concise, with a maximum length of 1000 words, to ensure it is straightforward to apply, especially given the timing over the holiday period. Use previously produced information where possible to streamline the process.

The EOI should be submitted in PDF format via email to apply@plexal.com.",PASS,"While the returned answer provides additional helpful context and advice regarding submission, it still addresses all the core information requested in the question, matching the ground truth's key points of organization overview, relevant experience, approach to sub-requirements, and innovative solutions."
What information should be included in the Plexal EOI?,"The EOI should include an overview of the organization, relevant experience, the approach to meeting the sub-requirements, and innovative solutions. ","The Plexal Expression of Interest (EOI) should include the following information:

1. **Organisation Overview and Relevance**: Provide an introduction to your organisation, highlighting any relevant experience, particularly in National Security & Defence (NS&D). Emphasize your capability to successfully deliver a Proof of Concept (PoC) with a government client.

2. **Approach to Requirements**: Address the priority capabilities identified in the challenge's sub-requirements. Explain how your solution could meet these requirements and identify areas where development is needed through the PoC. Innovative approaches to meeting these requirements are encouraged.

3. **No Project Plan Required**: A project plan for the PoC is not necessary at this stage and can be discussed later in the process.

4. **Conciseness**: The EOI should be concise, with a maximum length of 1000 words, to facilitate a straightforward application process. Utilize previously produced information where possible to streamline the submission.

The EOI should be submitted in PDF format via email to apply@plexal.com.",PASS,"While the returned answer provides additional helpful context and formatting, it includes all the key information from the ground truth: organization overview, relevant experience, approach to meeting sub-requirements, and innovative solutions."
What information should be included in the Plexal EOI?,"The EOI should include an overview of the organization, relevant experience, the approach to meeting the sub-requirements, and innovative solutions. ","The Plexal Expression of Interest (EOI) should include the following information:

1. **Organisation Overview and Relevance**: Provide an introduction to your organisation, highlighting any relevant experience, particularly in national security and defence (NS&D). Emphasize your capability to successfully deliver a Proof of Concept (PoC) with a government client.

2. **Approach to Requirements**: Address the priority capabilities identified in the challenge's sub-requirements. Explain how your solution could meet these requirements and identify areas where development is needed through the PoC. Innovative approaches to meeting these requirements are encouraged.

3. **Conciseness**: The EOI should be concise, with a maximum length of 1000 words, to ensure it is straightforward to apply. Utilize previously produced information where possible to streamline the process.

4. **Format**: Submit the EOI in PDF format via email to apply@plexal.com.

The EOI serves as an introduction to your organisation and is used to shortlist solution providers for the demo day. A detailed project plan is not required at this stage and can be discussed later in the process.",PASS,"While the returned answer provides additional helpful context and formatting instructions, it still captures all the core information from the ground truth, including organization overview, relevant experience, approach to sub-requirements, and innovative solutions."
What is the start date for the Jungle AI partnership?,"The engagement start date is January 6th, 2025.","The start date for the Jungle AI partnership is January 6th, 2025.",PASS,"The returned answer provides the exact same information as the ground truth, correctly identifying the start date of the Jungle AI partnership as January 6th, 2025."
What is the start date for the Jungle AI partnership?,"The engagement start date is January 6th, 2025.","The start date for the Jungle AI partnership is January 6th, 2025.",PASS,"The returned answer matches the ground truth answer exactly, providing the correct start date of January 6th, 2025 for the Jungle AI partnership."
What is the start date for the Jungle AI partnership?,"The engagement start date is January 6th, 2025.","The start date for the Jungle AI partnership is January 6th, 2025.",PASS,"The returned answer provides the exact same information as the ground truth, correctly identifying the start date of the Jungle AI partnership as January 6th, 2025."
How long is the Jungle AI engagement expected to run?,6-week period.,"The Jungle AI engagement is expected to run for a period of 6 weeks, with the possibility of being extended or renewed by the parties involved.",PASS,"While the returned answer includes additional information about potential extensions, it correctly captures the core information from the ground truth that the engagement is expected to run for a 6-week period."
How long is the Jungle AI engagement expected to run?,6-week period.,"The Jungle AI engagement is expected to run for a period of 6 weeks, with the possibility of being extended or renewed by the parties involved.",PASS,"While the returned answer includes additional context about potential extensions, it correctly captures the core information from the ground truth that the engagement is expected to run for a 6-week period."
How long is the Jungle AI engagement expected to run?,6-week period.,"The Jungle AI engagement is expected to run for a period of 6 weeks, with the possibility of being extended or renewed by the parties involved.",PASS,"While the returned answer includes additional information about potential extensions, it correctly captures the core information from the ground truth that the engagement is expected to run for a 6-week period."
What is the base price for the Jungle AI proposal?,"$2,000","The base price for the Jungle AI proposal is $2,000.",PASS,"The returned answer correctly states the base price of the Jungle AI proposal as $2,000, matching the ground truth answer exactly."
What is the base price for the Jungle AI proposal?,"$2,000","The base price for the Jungle AI proposal is $2,000.",PASS,"The returned answer correctly states the base price of the Jungle AI proposal as $2,000, matching the ground truth answer exactly."
What is the base price for the Jungle AI proposal?,"$2,000","The base price for the Jungle AI proposal is $2,000.",PASS,"The returned answer correctly states the base price of the Jungle AI proposal as $2,000, matching the ground truth answer exactly."
When should Jungle pay the base fees for the engagement?,The base fees are to be paid upon signing the statement of work to begin engagement.,The base fees for the engagement should be paid upon the signing of the statement of work to begin the engagement.,PASS,"The returned answer accurately reflects the ground truth, stating that base fees are due upon signing the statement of work to begin engagement, conveying the same essential information."
When should Jungle pay the base fees for the engagement?,The base fees are to be paid upon signing the statement of work to begin engagement.,The base fees for the engagement should be paid upon the signing of the statement of work to begin the engagement.,PASS,"The returned answer accurately reflects the ground truth, stating that the base fees are due upon signing the statement of work to begin the engagement, conveying the same essential information."
When should Jungle pay the base fees for the engagement?,The base fees are to be paid upon signing the statement of work to begin engagement.,The base fees for the engagement should be paid upon the signing of the statement of work to begin the engagement.,PASS,"The returned answer accurately reflects the ground truth, stating that the base fees are due upon signing the statement of work to begin the engagement, conveying the same essential information."
Is Halluminate building a dataset as a deliverable for Jungle AI?,"Yes, an evaluation dataset is a specified deliverable for the Jungle AI project","Yes, Halluminate is building a dataset as a deliverable for Jungle AI. They are providing a high-quality, labeled dataset of representative examples, which can be used for application performance benchmarking, automated evaluation pipelines, prompt engineering experiments, and fine-tuning. Additionally, they are iterating and improving the evaluation dataset based on feedback from improvements and additional requirements gathering.",PASS,The returned answer correctly confirms that Halluminate is building a dataset as a deliverable for Jungle AI (matching the ground truth) and provides additional accurate context about the dataset's purpose and iterative development.
Is Halluminate building a dataset as a deliverable for Jungle AI?,"Yes, an evaluation dataset is a specified deliverable for the Jungle AI project","Yes, Halluminate is building a dataset as a deliverable for Jungle AI. They are providing a high-quality, labeled dataset of representative examples, which can be used for application performance benchmarking, automated evaluation pipelines, prompt engineering experiments, and fine-tuning. Additionally, they will iterate and improve the evaluation dataset based on feedback from improvements and additional requirements gathering.",PASS,"The returned answer correctly confirms that Halluminate is building a dataset as a deliverable for Jungle AI (matching the ground truth) and provides additional context about the dataset's purpose and development process, which doesn't contradict the ground truth."
Is Halluminate building a dataset as a deliverable for Jungle AI?,"Yes, an evaluation dataset is a specified deliverable for the Jungle AI project","Yes, Halluminate is building a dataset as a deliverable for Jungle AI. They are providing a high-quality, labeled dataset of representative examples, which can be used for application performance benchmarking, automated evaluation pipelines, prompt engineering experiments, and fine-tuning. Additionally, they are iterating and improving the evaluation dataset based on feedback from improvements and additional requirements gathering.",PASS,"The returned answer correctly confirms that Halluminate is building a dataset as a deliverable for Jungle AI (matching the ground truth), and provides additional context about the dataset's purpose and iterative development, which doesn't contradict the ground truth."
How often are we expected to meet with Jungle AI?,At least one meeting per week of 15 minutes is scheduled to sync on project progress.,You are expected to meet with Jungle AI at least once a week for 15 minutes to sync on project progress.,PASS,The returned answer conveys the same core information as the ground truth answer—a weekly 15-minute meeting with Jungle AI to discuss project progress—using slightly different phrasing but maintaining all key details.
How often are we expected to meet with Jungle AI?,At least one meeting per week of 15 minutes is scheduled to sync on project progress.,You are expected to meet with Jungle AI at least once a week for 15 minutes to sync on project progress. The exact time for these meetings is to be determined.,PASS,The returned answer accurately captures all the key information from the ground truth answer—weekly meetings of 15 minutes to sync project progress—and adds the reasonable (and not contradictory) detail that the specific meeting time is TBD.
How often are we expected to meet with Jungle AI?,At least one meeting per week of 15 minutes is scheduled to sync on project progress.,You are expected to meet with Jungle AI at least once a week for 15 minutes to sync on project progress. The exact time for these meetings is to be determined.,PASS,The returned answer successfully conveys the core information of the ground truth—weekly 15-minute meetings to sync project progress—and adds the reasonable (and not contradictory) detail that the specific meeting time is TBD.
Did we sign an NDA with Jungle AI to begin data sharing?,"Yes, an NDA was signed to facilitate sharing of data ","Yes, an NDA was signed with Jungle AI to facilitate trustworthy data sharing as part of the engagement.",PASS,"The returned answer includes all the necessary information from the ground truth (confirmation of the NDA and its purpose of data sharing) and adds the detail of ""trustworthy"" and ""as part of the engagement"" which does not contradict or invalidate the core information."
Did we sign an NDA with Jungle AI to begin data sharing?,"Yes, an NDA was signed to facilitate sharing of data ","Yes, an NDA was signed with Jungle AI to facilitate trustworthy data sharing as part of the engagement.",PASS,"The returned answer includes all the necessary information from the ground truth (confirmation of the NDA and its purpose of data sharing) and adds the detail of ""trustworthy"" and ""as part of the engagement"" which do not contradict or invalidate the core information."
Did we sign an NDA with Jungle AI to begin data sharing?,"Yes, an NDA was signed to facilitate sharing of data ","Yes, an NDA was signed with Jungle AI to facilitate trustworthy data sharing as part of the engagement.",PASS,"The returned answer includes all the necessary information from the ground truth (confirmation of the NDA and its purpose of data sharing) and adds the detail of ""trustworthy"" and ""as part of the engagement"" which do not contradict or detract from the core information."
How long is the error analysis phase of the project with Jungle AI expected to last?,4 weeks,The error analysis phase of the project with Jungle AI is expected to last 4 weeks.,PASS,"The returned answer accurately states the duration of the error analysis phase as 4 weeks, matching the ground truth answer."
How long is the error analysis phase of the project with Jungle AI expected to last?,4 weeks,The error analysis phase of the project with Jungle AI is expected to last 4 weeks.,PASS,"The returned answer accurately states the duration of the error analysis phase as 4 weeks, matching the ground truth answer."
How long is the error analysis phase of the project with Jungle AI expected to last?,4 weeks,The error analysis phase of the project with Jungle AI is expected to last 4 weeks.,PASS,"The returned answer accurately states the duration of the error analysis phase as 4 weeks, matching the ground truth answer."
Is the Gondola AI project focused on hotel bookings?,"No, it is focused on airline bookings ",The Gondola AI project is not focused on hotel bookings. It is related to airline booking processes and new product requirements for Gondola.,PASS,"The returned answer correctly identifies that Gondola AI is not focused on hotel bookings and accurately connects it to airline booking processes, aligning with the ground truth."
Is the Gondola AI project focused on hotel bookings?,"No, it is focused on airline bookings ",The Gondola AI project is not focused on hotel bookings. It is related to airline booking processes and new product requirements for Gondola.,PASS,"The returned answer correctly identifies that Gondola AI is not focused on hotel bookings and accurately connects it to airline booking processes, aligning with the ground truth."
Is the Gondola AI project focused on hotel bookings?,"No, it is focused on airline bookings ",The Gondola AI project is not focused on hotel bookings. It is related to airline booking processes and new product requirements for Gondola.,PASS,"While the returned answer includes slightly extraneous information about ""new product requirements,"" it correctly identifies that Gondola AI is not focused on hotel bookings and *is* related to airline booking processes, capturing the core information from the ground truth."
What is the general scope of the Gondolia AI POC?,1) Build an evaluation dataset and 2) run an error analysis,"The general scope of the Gondola AI Proof of Concept (POC) involves building and delivering a small sample of a refreshed evaluation test set using either their own user data or mock synthetic data, without involving sensitive data. This test set will be implemented and run on the current product to conduct an error analysis and improve product performance. The aim is to assess the value of this approach and determine if accessing more data would be beneficial.",PASS,"The returned answer accurately captures the two core components of the ground truth (building an evaluation dataset and running an error analysis) while providing additional context about the data used and the overall aim of the POC, which doesn't contradict the ground truth."
What is the general scope of the Gondolia AI POC?,1) Build an evaluation dataset and 2) run an error analysis,"The general scope of the Gondola AI Proof of Concept (POC) involves building and delivering a small sample of a refreshed evaluation test set using either their own user data or mock synthetic data, without touching sensitive data. This evaluation set will then be implemented and run on the current product to conduct an error analysis and help improve product performance. If this proves to be beneficial, further data access may be considered.",PASS,"The returned answer accurately captures the two core components of the ground truth (building an evaluation dataset and running an error analysis), providing additional context about the data used and the potential future implications of the POC without contradicting or omitting the key information."
What is the general scope of the Gondolia AI POC?,1) Build an evaluation dataset and 2) run an error analysis,"The general scope of the Gondola AI Proof of Concept (POC) involves building and delivering a small sample of a refreshed evaluation test set using either their own user data or mock synthetic data, ensuring that sensitive data is not touched. This evaluation set will then be implemented and run on the current product to conduct an error analysis and help improve product performance. If this proves to be beneficial, further data access may be considered.",PASS,"The returned answer accurately captures the two core components of the ground truth (building an evaluation dataset and running an error analysis), while also providing additional context about the data used and the potential future implications of the POC."
What is the primary goal of Halluminate's proposal to CTRLPanel?,The primary goal is to develop a formalized 'Evaluation System' to measure quality for CTRLPanel's language-based conversational outputs and improve development speed using an evaluation-driven development framework.,"The primary goal of Halluminate's proposal to CTRLPanel is to develop a formalized ""Evaluation System"" that can be used to measure the quality of CTRLPanel's language-based conversational outputs. This system is intended to help the client improve their development speed through an evaluation-driven development framework.",PASS,"The returned answer accurately reflects the ground truth by stating the primary goal is to develop a formalized ""Evaluation System"" to measure the quality of CTRLPanel's language-based conversational outputs and improve development speed through an evaluation-driven development framework."
What is the primary goal of Halluminate's proposal to CTRLPanel?,The primary goal is to develop a formalized 'Evaluation System' to measure quality for CTRLPanel's language-based conversational outputs and improve development speed using an evaluation-driven development framework.,"The primary goal of Halluminate's proposal to CTRLPanel is to develop a formalized ""Evaluation System"" that measures the quality of CTRLPanel's language-based conversational outputs. This system aims to improve the client's development speed through an evaluation-driven development framework.",PASS,"The returned answer accurately reflects the ground truth by stating the primary goal is to develop a formalized ""Evaluation System"" to measure quality for CTRLPanel's language-based conversational outputs and improve development speed through an evaluation-driven development framework."
What is the primary goal of Halluminate's proposal to CTRLPanel?,The primary goal is to develop a formalized 'Evaluation System' to measure quality for CTRLPanel's language-based conversational outputs and improve development speed using an evaluation-driven development framework.,"The primary goal of Halluminate's proposal to CTRLPanel is to develop a formalized ""Evaluation System"" that can be used to measure the quality of CTRLPanel's language-based conversational outputs. This system is designed to help the client improve their development speed through an evaluation-driven development framework.",PASS,"The returned answer accurately reflects the ground truth by stating the primary goal is to develop a formalized ""Evaluation System"" to measure the quality of CTRLPanel's language-based conversational outputs and improve development speed through an evaluation-driven development framework."
How much is the discount for Alchemist Accelerator companies?,A 50% discount off the base price is offered to Alchemist Accelerator companies.,The discount for Alchemist Accelerator companies is 50%.,PASS,"Both the ground truth and the returned answer clearly state the discount for Alchemist Accelerator companies is 50%, capturing all key information."
How much is the discount for Alchemist Accelerator companies?,A 50% discount off the base price is offered to Alchemist Accelerator companies.,The discount for Alchemist Accelerator companies is 50%.,PASS,"Both the ground truth and the returned answer clearly state the discount for Alchemist Accelerator companies is 50%, capturing the core information."
How much is the discount for Alchemist Accelerator companies?,A 50% discount off the base price is offered to Alchemist Accelerator companies.,The discount for Alchemist Accelerator companies is 50%.,PASS,"Both the ground truth and the returned answer clearly state the discount for Alchemist Accelerator companies is 50%, capturing the core information."
What will the final implementation report for CTRLPanel include?,The final implementation report will include an ROI analysis and recommendations for future improvements.,"The final implementation report for CTRLPanel will include a review of the performance of the automated evaluation system, detailing the overall system health.",FAIL,"The returned answer focuses on the performance of the automated evaluation system, while the ground truth specifies an ROI analysis and recommendations for future improvements as the key inclusions in the final implementation report."
What will the final implementation report for CTRLPanel include?,The final implementation report will include an ROI analysis and recommendations for future improvements.,"The final implementation report for CTRLPanel will include a review of the performance of the automated evaluation system, detailing the overall system health.",FAIL,"The returned answer focuses on the performance of the automated evaluation system, while the ground truth specifies an ROI analysis and recommendations for future improvements as the key components of the final implementation report."
What will the final implementation report for CTRLPanel include?,The final implementation report will include an ROI analysis and recommendations for future improvements.,"The final implementation report for CTRLPanel will include a review of the performance of the automated evaluation system, detailing the overall system health.",FAIL,"The returned answer focuses on the performance of the automated evaluation system, while the ground truth specifies an ROI analysis and recommendations for future improvements as the key components of the final implementation report."
How long is the engagement between CTRLPanel and Halluminate expected to last?,"The proposed project is set to take place over a 6-week period, with potential for extension or renewal.","The engagement between CTRLPanel and Halluminate is expected to last for a 6-week period, with the possibility of being extended or renewed by the parties.",PASS,"The returned answer accurately reflects the ground truth, stating the 6-week duration and the potential for extension or renewal, conveying the same core information using slightly different phrasing."
How long is the engagement between CTRLPanel and Halluminate expected to last?,"The proposed project is set to take place over a 6-week period, with potential for extension or renewal.","The engagement between CTRLPanel and Halluminate is expected to last for a 6-week period, with the possibility of being extended or renewed by the parties.",PASS,"The returned answer accurately reflects the ground truth, stating the 6-week duration and the potential for extension or renewal, conveying the same core information using slightly different phrasing."
How long is the engagement between CTRLPanel and Halluminate expected to last?,"The proposed project is set to take place over a 6-week period, with potential for extension or renewal.","The engagement between CTRLPanel and Halluminate is expected to last for a 6-week period, with the possibility of being extended or renewed by the parties.",PASS,"The returned answer accurately reflects the ground truth, stating the 6-week duration and the potential for extension or renewal, conveying the same core information using slightly different phrasing."
How many eval credits are we granting to CTRLPanel as agreed in the proposal?,5 million eval credits,"CTRLPanel is being granted 5 million eval credits for the Halluminate platform, with the opportunity to negotiate up to another 5 million eval credits depending on circumstances.",FAIL,"While the returned answer correctly identifies the initial 5 million eval credits, it introduces additional information about negotiating for more credits, which is not present in the ground truth and thus misrepresents the agreed-upon amount."
How many eval credits are we granting to CTRLPanel as agreed in the proposal?,5 million eval credits,"CTRLPanel is being granted 5 million eval credits for the Halluminate platform, with the opportunity to negotiate up to another 5 million eval credits depending on circumstances.",FAIL,"While the returned answer correctly identifies the initial 5 million eval credits, it introduces additional information about negotiating for more credits, which is not present in the ground truth and could be misleading."
How many eval credits are we granting to CTRLPanel as agreed in the proposal?,5 million eval credits,"CTRLPanel is being granted 5 million eval credits for the Halluminate platform, with the opportunity to negotiate up to another 5 million eval credits depending on circumstances.",FAIL,"While the returned answer correctly identifies the initial 5 million eval credits, it introduces additional information about negotiating for more credits, which is not present in the ground truth and could be misleading."
How long was Halluminate's runway in Jan?,10 months,Halluminate's runway in January was 10 months.,PASS,"The returned answer correctly states that Halluminate's runway in January was 10 months, matching the ground truth answer."
How long was Halluminate's runway in Jan?,10 months,Halluminate's runway in January was 10 months.,PASS,"The returned answer correctly states that Halluminate's runway in January was 10 months, matching the ground truth answer."
How long was Halluminate's runway in Jan?,10 months,Halluminate's runway in January was 10 months.,PASS,"The returned answer correctly states that Halluminate's runway in January was 10 months, matching the ground truth answer."
How much revenue have they closed so far this Q1?,The signed revenue for Q1 is $7k.,Failed to process query: 500 Server Error: Internal Server Error for url: https://bedev.booo.ai/api/process-query/,ERROR,"The returned answer is an error message (""Failed to process query: 500 Server Error..."") instead of the requested revenue information, indicating a system failure rather than a valid attempt at answering the question."
How much revenue have they closed so far this Q1?,The signed revenue for Q1 is $7k.,"So far this Q1, they have closed $7,000 in signed revenue.",PASS,"The returned answer accurately reflects the ground truth, conveying the same core information—$7,000 in signed revenue for Q1—using slightly different phrasing."
How much revenue have they closed so far this Q1?,The signed revenue for Q1 is $7k.,"So far this Q1, they have closed $7,000 in signed revenue.",PASS,"The returned answer accurately reflects the ground truth, conveying the same core information of $7,000 in signed revenue for Q1, albeit with slightly different phrasing."
How many paid contracts did Halluminate sign end of last year?,Two,"Halluminate signed two paid enterprise contracts at the end of last year, valued at $5,000 and $2,000.",PASS,"While the returned answer provides additional context about the value of the contracts, it correctly identifies the core information requested in the question, which is that Halluminate signed *two* paid contracts."
How many paid contracts did Halluminate sign end of last year?,Two,"Halluminate signed two paid enterprise contracts at the end of last year, valued at $5k and $2k.",PASS,"The returned answer correctly identifies the number of contracts (two) which satisfies the core intent of the question, and the additional context about contract value does not invalidate the answer."
How many paid contracts did Halluminate sign end of last year?,Two,Failed to process query: 500 Server Error: Internal Server Error for url: https://bedev.booo.ai/api/process-query/,ERROR,"The returned answer is a server error message (""Failed to process query: 500 Server Error..."") instead of the expected numerical answer regarding the number of contracts, indicating a system failure rather than a valid attempt at answering the question."
Do they have any unpaid contracts currently in-progress?,"Yes, they have two unpaid POCs in progress","Yes, there are currently two additional unpaid proofs of concept (POCs) in progress with the opportunity to scope larger work ahead.",PASS,"The returned answer correctly identifies the two unpaid POCs and thus captures all the core information in the ground truth, despite including additional context about potential future work."
Do they have any unpaid contracts currently in-progress?,"Yes, they have two unpaid POCs in progress","Yes, there are currently two additional unpaid proof of concepts (POCs) in progress with the opportunity to scope larger work ahead.",PASS,"The returned answer correctly identifies the two unpaid POCs and thus captures the core information requested in the question, even though it includes additional context about potential future work."
Do they have any unpaid contracts currently in-progress?,"Yes, they have two unpaid POCs in progress","Yes, there are currently two additional unpaid proofs of concept (POCs) in progress with the opportunity to scope larger work ahead.",PASS,"The returned answer correctly identifies the two unpaid POCs and thus captures the core information requested in the question, even though it adds extra detail about potential future work."
What is the estimated ROI of our services based offering?,Their E2E evaluation solution provides 2-3x ROI for engineering teams,The estimated ROI of the services-based offering is 2x-3x for engineering teams.,PASS,"The returned answer accurately reflects the ground truth by stating the ROI is 2x-3x for engineering teams, matching the core information provided in the ground truth."
What is the estimated ROI of our services based offering?,Their E2E evaluation solution provides 2-3x ROI for engineering teams,The estimated ROI of the services-based offering is 2x-3x for engineering teams.,PASS,"The returned answer accurately reflects the ground truth by stating the ROI is 2x-3x for engineering teams, capturing the core information about the return on investment provided by the E2E evaluation solution."
What is the estimated ROI of our services based offering?,Their E2E evaluation solution provides 2-3x ROI for engineering teams,The estimated ROI of the services-based offering is 2x-3x for engineering teams.,PASS,"The returned answer accurately reflects the ground truth by stating the estimated ROI as 2x-3x for engineering teams, matching the core information provided in the ground truth."
What was the state of Halluminate's fundraising campaign at the end of 2024?,The company is focusing on closing deals with interested angel investors before switching focus back to institutional funding early next year.,"At the end of 2024, Halluminate's fundraising campaign was in the process of engaging in conversations with 4-5 funds. They were focusing on closing interested angel investors before switching their focus back to institutional investors. It was looking more likely that they would require early next year to close the fundraising round.",FAIL,"While the returned answer correctly mentions closing deals with angel investors before switching back to institutional funding, it adds the incorrect detail of ""engaging in conversations with 4-5 funds"" at the end of 2024, contradicting the ground truth's focus on angel investors, not funds/institutional investors, at that time."
What was the state of Halluminate's fundraising campaign at the end of 2024?,The company is focusing on closing deals with interested angel investors before switching focus back to institutional funding early next year.,"At the end of 2024, Halluminate's fundraising campaign was in the process of engaging in conversations with 4-5 funds. They were focusing on closing interested angel investors before switching their focus back to institutional investors. It was looking more likely that they would require early next year to close the fundraising round.",FAIL,"While the returned answer correctly mentions closing deals with angel investors before switching back to institutional funding, it adds the incorrect detail of ""engaging in conversations with 4-5 funds"" at the end of 2024, contradicting the ground truth's focus on angel investors, not funds/institutional investors, at that time."
What was the state of Halluminate's fundraising campaign at the end of 2024?,The company is focusing on closing deals with interested angel investors before switching focus back to institutional funding early next year.,"At the end of 2024, Halluminate was in the process of fundraising, having successfully filled their angel round earlier. They were engaged in conversations with 4-5 funds and were focusing on closing interested angel investors before switching their focus back to institutional investors. It was looking more likely that they would need to continue their fundraising efforts into early the next year to close.",FAIL,"While the returned answer correctly identifies the focus on angel investors before switching back to institutional funding, it contradicts the ground truth by claiming the angel round was already filled and introduces new, unsubstantiated information about conversations with 4-5 funds and the likelihood of extending fundraising into the next year."
Who do we view as our biggest competitors to a services based approach to building evaluations?,The biggest competitors are those who choose to create evaluations themselves due to their bespoke nature.,"The biggest competitors to a services-based approach to building evaluations are customers who choose to build the evaluations themselves. This is because evaluations are largely bespoke, driven by custom requirements and needs, making the build vs. buy decision a significant factor.",PASS,The returned answer successfully identifies customers building evaluations themselves as the primary competition and accurately explains the reason (bespoke nature and custom requirements) aligning with the ground truth.
Who do we view as our biggest competitors to a services based approach to building evaluations?,The biggest competitors are those who choose to create evaluations themselves due to their bespoke nature.,"The biggest competitors to a services-based approach to building evaluations are customers doing it themselves. This is because evaluations are largely bespoke, driven by custom requirements and needs, making the build vs. buy decision more favorable for working with a service provider like us.",PASS,"While the returned answer provides additional context around the ""build vs. buy"" decision, it correctly identifies the core concept from the ground truth: the biggest competitors are customers who choose to build their own evaluations due to their bespoke nature."
Who do we view as our biggest competitors to a services based approach to building evaluations?,The biggest competitors are those who choose to create evaluations themselves due to their bespoke nature.,"The biggest competitors to a services-based approach to building evaluations are customers doing it themselves. This is because evaluations are largely bespoke, driven by custom requirements and needs, making the build vs. buy decision more favorable for working with a service provider like us.",PASS,"While the returned answer provides additional context around the ""build vs. buy"" decision, it correctly identifies the core concept from the ground truth: the biggest competitors are customers who choose to build their own evaluations due to their bespoke nature."
Who is Charles Zedlewski?,He is a COO from Temporal who is thinking about angel investing.,"Charles Zedlewski is a well-connected and fairly senior individual in the industry, known for providing thoughtful advice on go-to-market (GTM) and operations (Ops). He was previously the COO at Temporal and is affiliated with Alchemist. He has shown interest in angel investing and has been in discussions with individuals in the industry, including Wyatt.",PASS,"While the returned answer provides more detail than the ground truth, it accurately captures the core information that Charles Zedlewski was the COO of Temporal and is considering angel investing."
Who is Charles Zedlewski?,He is a COO from Temporal who is thinking about angel investing.,Charles Zedlewski is someone who was previously the COO at Temporal and is known to be well-connected and fairly senior in the industry. He has thoughtful advice on go-to-market (GTM) and operations (Ops) and is potentially interested in angel investing. He is also affiliated with Alchemist in some capacity.,PASS,"While the returned answer provides additional context not present in the ground truth, it accurately captures the core information that Charles Zedlewski is a COO (previously at Temporal) considering angel investing."
Who is Charles Zedlewski?,He is a COO from Temporal who is thinking about angel investing.,Charles Zedlewski is someone who was previously the COO at Temporal and is known to be well-connected and fairly senior in the industry. He has thoughtful advice on go-to-market (GTM) and operations (Ops) and is potentially interested in angel investing. He is also affiliated with Alchemist in some capacity.,PASS,"While the returned answer provides additional context and information not present in the ground truth, it still captures the core information that Charles Zedlewski is a COO (previously at Temporal) considering angel investing."
Did we ever get connected to Omni AI?,No because Omni currently doesn't find the company's services a fit.,"Yes, there was a connection made with Omni AI. However, they mentioned that the collaboration might not be a good fit at the moment as they are focused on an evaluation for their OCR library, which is a priority for them.",FAIL,"The returned answer contradicts the ground truth by stating a connection was made, while the ground truth clearly states no connection was established because Omni AI didn't find the company's services a fit."
Did we ever get connected to Omni AI?,No because Omni currently doesn't find the company's services a fit.,Failed to process query: 500 Server Error: Internal Server Error for url: https://bedev.booo.ai/api/process-query/,ERROR,"The returned answer is an error message (""Failed to process query: 500 Server Error..."") instead of addressing the question about the connection to Omni AI."
Did we ever get connected to Omni AI?,No because Omni currently doesn't find the company's services a fit.,There is no information provided about a connection to Omni AI.,FAIL,"The returned answer states there is no information, while the ground truth provides a reason for not being connected, indicating that there *is* information available."
How many funds were we in conversation with in December?,Halluminate was in 2nd plus conversation with 4-5 funds in December,"In December, there were conversations with 4-5 funds.",FAIL,"While the returned answer correctly identifies the number of funds (4-5), it omits the crucial information that Halluminate was in 2nd round conversations, a key detail from the ground truth."
How many funds were we in conversation with in December?,Halluminate was in 2nd plus conversation with 4-5 funds in December,"In December, there were conversations with 4-5 funds.",FAIL,"While the returned answer correctly identifies the number of funds (4-5), it omits the crucial information that Halluminate was in 2nd round conversations, a key detail from the ground truth."
How many funds were we in conversation with in December?,Halluminate was in 2nd plus conversation with 4-5 funds in December,"In December, there were conversations with 4-5 funds.",FAIL,"While the returned answer correctly identifies the number of funds (4-5), it omits the crucial information that Halluminate was in 2nd round conversations, a key detail from the ground truth."
What were the product usage statistics in November?,"Since August 15, 2024, the company has accumulated 105 engineer signups and conducted over 4000 API model-driven evaluations.","The product usage statistics since August 15, 2024, include 105 engineer signups and over 4,000 API model-driven evaluations.",PASS,"The returned answer accurately reflects the ground truth, providing the same key information regarding engineer signups and API evaluations since August 15, 2024, even though the question specifically asked about November."
What were the product usage statistics in November?,"Since August 15, 2024, the company has accumulated 105 engineer signups and conducted over 4000 API model-driven evaluations.","The product usage statistics since August 15, 2024, include 105 engineer signups and over 4,000 API model-driven evaluations.",PASS,"The returned answer accurately reflects the ground truth, providing the same key information regarding engineer signups and API evaluations since August 15, 2024, even though the question specifically asked about November."
What were the product usage statistics in November?,"Since August 15, 2024, the company has accumulated 105 engineer signups and conducted over 4000 API model-driven evaluations.","The product usage statistics since August 15, 2024, include 105 engineer signups and over 4,000 API model-driven evaluations.",PASS,"The returned answer accurately reflects the ground truth, providing the same key information regarding engineer signups and API model-driven evaluations since August 15, 2024, despite the question's focus on November statistics, the ground truth only provides cumulative data since August."
How many product signups so far?,"As of November, there were 105 engineer signups",The information provided does not specify the number of product signups.,FAIL,"The returned answer states that the information is unavailable, while the ground truth provides a specific number of signups (105) as of November."
How many product signups so far?,"As of November, there were 105 engineer signups",The information provided does not specify the number of product signups.,FAIL,"The returned answer states that the information is unavailable, while the ground truth provides a specific number of signups (105) albeit for engineers, which is a reasonable proxy for product signups in the absence of more specific data."
How many product signups so far?,"As of November, there were 105 engineer signups","I'm sorry, but there is no information available regarding the number of product signups.",FAIL,"The returned answer states no information is available, while the ground truth provides a specific number of signups (105 engineer signups as of November)."
When did the team make the decision to pivot into a services based approach to the business?,"Back in November 2024, the team decided to take a more services based onboarding approach to learn about the problems and workflow processes.","The team made the decision to pivot into a services-based approach to the business after struggling to achieve consistent month-over-month developer retention with a pure developer-led growth strategy. This decision was communicated in an update sent on November 10, 2024.",FAIL,"While the returned answer provides a date that aligns with the ground truth (November 2024), it fails to capture the core reason for the pivot, which was to ""learn about the problems and workflow processes"" through a services-based onboarding approach, instead focusing on developer retention and growth strategy."
When did the team make the decision to pivot into a services based approach to the business?,"Back in November 2024, the team decided to take a more services based onboarding approach to learn about the problems and workflow processes.","The decision to pivot into a services-based approach to the business was made after observing challenges with consistent month-over-month developer retention through pure developer-led growth. This decision was communicated in an update that was sent on November 9, 2024.",FAIL,"While the returned answer provides a date that aligns with the ground truth (November 2024), it fails to capture the core reason for the pivot, which was to learn about problems and workflow processes through a services-based onboarding approach, instead focusing on developer retention."
When did the team make the decision to pivot into a services based approach to the business?,"Back in November 2024, the team decided to take a more services based onboarding approach to learn about the problems and workflow processes.","The decision to pivot into a services-based approach to the business was made before November 9, 2024, as indicated in the update provided by Jerry Wu.",FAIL,"While the returned answer mentions a timeframe that aligns with the ground truth (before November 9, 2024 vs. November 2024), it crucially omits the key context that the decision related to ""onboarding"" and ""learning about problems and workflow processes,"" thus failing to fully capture the core aspects of the decision."
What was the biggest issue facing the product late last year?,The team was struggling with consistent MoM developer retention.,The biggest issue facing the product late last year was the struggle to achieve consistent month-over-month developer retention with a pure developer-led growth approach. This led to a decision to adopt a more services-based onboarding approach to better understand and address problems in the workflow process.,PASS,"While the returned answer provides more context than the ground truth, it still captures the core issue of struggling with consistent month-over-month developer retention, making it a complete and accurate response."
What was the biggest issue facing the product late last year?,The team was struggling with consistent MoM developer retention.,The biggest issue facing the product late last year was the struggle to achieve consistent month-over-month developer retention with a pure developer-led growth approach. This led to a decision to adopt a more services-based onboarding approach to better understand and address problems in the workflow process.,PASS,"While the returned answer provides additional context about the consequences of the retention issue, it correctly identifies the core problem of struggling with consistent month-over-month developer retention, aligning with the ground truth."
What was the biggest issue facing the product late last year?,The team was struggling with consistent MoM developer retention.,The biggest issue facing the product late last year was the struggle to achieve consistent month-over-month developer retention with a pure developer-led growth approach. This led to a decision to adopt a more services-based onboarding approach to better understand and address problems in the workflow process.,PASS,"While the returned answer provides more context than the ground truth, it correctly identifies the core issue of struggling with consistent month-over-month developer retention."
How many VCs did the team meet with in November?,They have met with 66 VCs.,"The team met with 66 VCs in total, but the specific number of meetings that took place in November is not provided.",FAIL,"While the returned answer acknowledges the total number of VCs met (66), it fails to address the core of the question, which specifically asks about the number of VCs met in November; therefore, it omits critical information required by the prompt."
How many VCs did the team meet with in November?,They have met with 66 VCs.,"The team met with 66 VCs in total, but the specific number of meetings that took place in November is not provided.",FAIL,"While the returned answer acknowledges the total number of VCs met (66), it fails to address the core of the question, which specifically asks about the number of VCs met in November; therefore, it omits critical information."
How many VCs did the team meet with in November?,They have met with 66 VCs.,"The team met with 66 VCs in total, but the specific number of meetings that took place in November is not provided.",FAIL,"While the returned answer acknowledges the total number of VCs met (66), it fails to address the core of the question, which specifically asks about the number of meetings in *November*; therefore, it omits critical information required by the prompt."
What were the most significant reasons VCs have passed on investing?,"Major reasons include the perception of a crowded market, concerns about market maturity, and misalignment with the VCs’ investment thesis.",Failed to process query: 500 Server Error: Internal Server Error for url: https://bedev.booo.ai/api/process-query/,ERROR,"The returned answer is an error message (""Failed to process query: 500 Server Error..."") instead of an answer to the question about reasons VCs have passed on investing."
What were the most significant reasons VCs have passed on investing?,"Major reasons include the perception of a crowded market, concerns about market maturity, and misalignment with the VCs’ investment thesis.",Failed to process query: 500 Server Error: Internal Server Error for url: https://bedev.booo.ai/api/process-query/,ERROR,"The returned answer is an error message (""Failed to process query: 500 Server Error..."") instead of addressing the question about reasons VCs have passed on investing."
What were the most significant reasons VCs have passed on investing?,"Major reasons include the perception of a crowded market, concerns about market maturity, and misalignment with the VCs’ investment thesis.",Failed to process query: 500 Server Error: Internal Server Error for url: https://bedev.booo.ai/api/process-query/,ERROR,"The returned answer is an error message (""Failed to process query: 500 Server Error..."") instead of an answer to the question about reasons VCs have passed on investing."
funds in November?,"In November, the company holds $65,000 in funds, with $35,000 in the bank and $30,000 awaiting transfer.","In November 2024, the funds available were $65,000, with $35,000 in the bank and $30,000 in final wiring.",PASS,"The returned answer accurately reflects the ground truth, providing the correct total amount of $65,000 and its breakdown ($35,000 in the bank and $30,000 awaiting transfer/in final wiring), despite slight paraphrasing."
funds in November?,"In November, the company holds $65,000 in funds, with $35,000 in the bank and $30,000 awaiting transfer.","In November 2024, the funds available were $65,000, with $35,000 in the bank and $30,000 in final wiring.",PASS,"The returned answer accurately reflects the ground truth, providing the correct total amount of $65,000 and its breakdown ($35,000 in the bank and $30,000 awaiting transfer/in final wiring), thus capturing all key information despite slight phrasing differences."
funds in November?,"In November, the company holds $65,000 in funds, with $35,000 in the bank and $30,000 awaiting transfer.","As of November 2024, the funds available were $65,000, with $35,000 in the bank and $30,000 in final wiring. The monthly burn rate was $9,000 for the last three months, with an estimated reduction to $6,000 for the next three months due to a rent reduction. The runway was estimated to be 6-8 months.",PASS,"While the returned answer provides additional context about burn rate and runway, it still captures the core information requested in the question – the amount of funds in November ($65,000 split between $35,000 in the bank and $30,000 awaiting transfer/in final wiring)."
monthy burn in November?,"The monthly burn in November was $9,000","The monthly burn in November was $9,000.",PASS,"The returned answer matches the ground truth answer exactly, providing the correct monthly burn rate of $9,000 for November."
monthy burn in November?,"The monthly burn in November was $9,000","The monthly burn in November was $9,000.",PASS,"The returned answer matches the ground truth answer exactly, providing the correct monthly burn for November of $9,000."
monthy burn in November?,"The monthly burn in November was $9,000","The monthly burn in November was $9,000.",PASS,"The returned answer matches the ground truth answer exactly, providing the correct monthly burn rate of $9,000 for November."
operational runway as of November?,The runway in November is projected to last between 6 to 8 months.,"As of November, the operational runway is estimated to be 6-8 months.",PASS,Both the ground truth and the returned answer convey the same key information – that the runway's operational lifespan is projected to be 6-8 months in November.
operational runway as of November?,The runway in November is projected to last between 6 to 8 months.,"As of November, the operational runway is estimated to be 6-8 months.",PASS,"The returned answer accurately reflects the ground truth, conveying the same key information about the 6-8 month operational runway projection for November."
operational runway as of November?,The runway in November is projected to last between 6 to 8 months.,"As of November, the operational runway is 6-8 months.",PASS,"The returned answer accurately reflects the ground truth by stating the operational runway is 6-8 months as of November, capturing the core information about the runway's projected duration."
Did the company have any services contracts signed in November?,"As of November, no service contracts have been signed, although two promising leads are in the pipeline.","No, the company did not have any services contracts signed in November.",FAIL,"While the returned answer correctly states that no contracts were signed, it omits the crucial information about the two promising leads mentioned in the ground truth."
Did the company have any services contracts signed in November?,"As of November, no service contracts have been signed, although two promising leads are in the pipeline.","No, the company did not have any services contracts signed in November. They have two promising opportunities in the pipeline with seed stage AI companies, but none have been signed yet.",PASS,The returned answer accurately reflects the ground truth by confirming no contracts were signed in November while also including the relevant detail about two promising leads (opportunities) in the pipeline.
Did the company have any services contracts signed in November?,"As of November, no service contracts have been signed, although two promising leads are in the pipeline.","No, the company did not have any services contracts signed in November. They have two promising opportunities in the pipeline with seed stage AI companies, but none have been signed yet.",PASS,"The returned answer successfully captures all the core information from the ground truth, confirming no contracts were signed in November while also mentioning the two promising leads (opportunities) in the pipeline."
What did the team view as the risk associated with opting for angel checks from VC fund scouts?,"The risk discussed involves potential signaling issues if the main VC firm does not invest, though initial connections are considered advantageous.","The team viewed the risk associated with opting for angel checks from VC fund scouts as potentially leading to a misalignment of interests or expectations. This could arise because VC fund scouts might have different priorities or strategic goals compared to traditional angel investors, which could impact the company's focus on its current customers and traction.",FAIL,"While the returned answer discusses potential misalignment, it fails to capture the core risk identified in the ground truth, which is the negative signal sent if the main VC firm ultimately declines to invest after initial scout interest."
What did the team view as the risk associated with opting for angel checks from VC fund scouts?,"The risk discussed involves potential signaling issues if the main VC firm does not invest, though initial connections are considered advantageous.","The team viewed the risk associated with opting for angel checks from VC fund scouts as potentially complicating future fundraising rounds. This could occur if the scouts' affiliated funds later decide to invest, as it might create conflicts or misalignments in terms of investment terms or expectations.",FAIL,"While the returned answer touches upon the general idea of fundraising complications, it misses the core risk identified in the ground truth, which is the negative signal sent to other investors if the scout's VC firm ultimately declines to invest."
What did the team view as the risk associated with opting for angel checks from VC fund scouts?,"The risk discussed involves potential signaling issues if the main VC firm does not invest, though initial connections are considered advantageous.","The team viewed the risk associated with opting for angel checks from VC fund scouts as potentially limiting their ability to focus on current customers and traction. This is why they decided to push their fundraising round until after their Alchemist Demo Day, allowing them to concentrate on their existing commitments and progress.",FAIL,"The returned answer focuses on the team's desire to prioritize current customers and delay fundraising, which is not the risk discussed in the ground truth; the ground truth correctly identifies the risk as potential negative signaling to the main VC firm if the scouts' angel checks don't lead to further investment."
Who is Jeremiah Owyang?,He is an individual from Blitzscaling Ventures who the team was interested in connecting with back in November,"The context provided does not contain information about Jeremiah Owyang. Therefore, I am unable to provide details about him based on the given information.",FAIL,"The returned answer states it cannot find information about Jeremiah Owyang, while the ground truth provides specific details about him and his affiliation with Blitzscaling Ventures."
Who is Jeremiah Owyang?,He is an individual from Blitzscaling Ventures who the team was interested in connecting with back in November,"The context provided does not contain information about Jeremiah Owyang. Therefore, I am unable to provide details about him based on the given information.",FAIL,"The returned answer states it cannot find information about Jeremiah Owyang, while the ground truth provides specific details about his affiliation with Blitzscaling Ventures and the team's interest in connecting with him."
Who is Jeremiah Owyang?,He is an individual from Blitzscaling Ventures who the team was interested in connecting with back in November,"The context provided does not contain information about Jeremiah Owyang. Therefore, I am unable to provide details about him based on the given information.",FAIL,"The returned answer states it cannot find information about Jeremiah Owyang, while the ground truth provides information identifying him as an individual from Blitzscaling Ventures."
What is Jerry Wu's role at Halluminate?,Jerry Wu is Co-Founder and CEO of Halluminate.,Jerry Wu is the Co-Founder & CEO at Halluminate.,PASS,"The returned answer accurately reflects the ground truth, stating that Jerry Wu is the Co-Founder & CEO at Halluminate, matching the ground truth's assertion that he is Co-Founder and CEO of Halluminate."
What is Jerry Wu's role at Halluminate?,Jerry Wu is Co-Founder and CEO of Halluminate.,Jerry Wu is the Co-Founder & CEO at Halluminate.,PASS,"The returned answer accurately reflects the ground truth, stating that Jerry Wu is the Co-Founder & CEO at Halluminate, matching the ground truth's assertion that he is Co-Founder and CEO of Halluminate."
What is Jerry Wu's role at Halluminate?,Jerry Wu is Co-Founder and CEO of Halluminate.,Jerry Wu is the Co-Founder & CEO of Halluminate.,PASS,"The returned answer accurately reflects the ground truth, stating that Jerry Wu is the Co-Founder & CEO of Halluminate, matching the ground truth's assertion that he is Co-Founder and CEO."
Which VC invested in the company via a scout check?,Kleiner Perkins,"Raviv Sapir from Vinthera expressed interest in investing in the company via a scout check, with an initial personal investment of $1k and potential future investment from Vinthera.",FAIL,"While the returned answer provides information about a scout check, it incorrectly identifies Vinthera and Raviv Sapir, not Kleiner Perkins as requested in the question."
Which VC invested in the company via a scout check?,Kleiner Perkins,"Raviv Sapir from Vinthera expressed interest in investing in the company via a scout check, with an initial personal investment of $1k and potential future investment from Vinthera.",FAIL,"While the returned answer provides information about a scout check, it incorrectly identifies the investor as Raviv Sapir from Vinthera, not Kleiner Perkins as stated in the ground truth."
Which VC invested in the company via a scout check?,Kleiner Perkins,"Raviv Sapir from Vinthera expressed interest in investing in the company via a scout check, with an initial personal investment of $1k and potential future investment from Vinthera.",FAIL,"While the returned answer provides information about a scout check, it incorrectly identifies the investor as Raviv Sapir from Vinthera, not Kleiner Perkins as stated in the ground truth."
What process does Katinka Harsanyi oversee?,Katinka Harsanyi oversees the introduction process to VCs and strategic partnership management.,The context does not provide specific information about the process that Katinka Harsanyi oversees.,FAIL,"The returned answer states that the context doesn't provide the requested information, while the ground truth clearly states that Katinka Harsanyi oversees the introduction process to VCs and strategic partnership management."
What process does Katinka Harsanyi oversee?,Katinka Harsanyi oversees the introduction process to VCs and strategic partnership management.,"Katinka Harsányi is involved in overseeing the business update communication process related to Halluminate's proposal for developing an ""Evaluation System"" for CTRLPanel. This involves coordination and communication with various stakeholders, including Jerry Wu from Halluminate and others at Alchemist Accelerator.",FAIL,"The returned answer describes a specific project Katinka Harsányi is involved in, while the ground truth answer describes her overall responsibilities, which are not reflected in the returned answer."
What process does Katinka Harsanyi oversee?,Katinka Harsanyi oversees the introduction process to VCs and strategic partnership management.,The context does not provide specific information about the process that Katinka Harsányi oversees.,FAIL,"The returned answer states that the context doesn't provide the requested information, while the ground truth clearly states that Katinka Harsanyi oversees the introduction process to VCs and strategic partnership management."
What bigger roles did Wyatt take on during the fundraising process?,Wyatt assumed a larger role in product and customer engagement to complement fundraising efforts.,The context does not provide specific details about any bigger roles that Wyatt Marshall took on during the fundraising process.,FAIL,"The returned answer states that the context doesn't provide details, while the ground truth explicitly states Wyatt took on a larger role in product and customer engagement."
What bigger roles did Wyatt take on during the fundraising process?,Wyatt assumed a larger role in product and customer engagement to complement fundraising efforts.,The context does not provide specific information about the roles Wyatt Marshall took on during the fundraising process.,FAIL,"The returned answer states that the context doesn't provide the requested information, while the ground truth clearly states Wyatt took on a larger role in product and customer engagement."
What bigger roles did Wyatt take on during the fundraising process?,Wyatt assumed a larger role in product and customer engagement to complement fundraising efforts.,"During the fundraising process, Wyatt took on a bigger product and customer role.",PASS,"The returned answer concisely conveys the core information of Wyatt taking on larger product and customer-focused roles during fundraising, mirroring the ground truth's meaning, although using slightly different phrasing."
User count of team back in August?,The latest status involves 40 AI engineers from various companies beta testing the newly released application.,"In August, Halluminate had 40 AI engineers from various companies beta testing their newly released application.",PASS,"The returned answer provides the same key information as the ground truth – 40 AI engineers were beta testing the application – and adds the helpful context of the company name (Halluminate), which doesn't contradict the ground truth."
User count of team back in August?,The latest status involves 40 AI engineers from various companies beta testing the newly released application.,"In August, Halluminate had 40 AI engineers from various companies beta testing their newly released application.",PASS,The returned answer provides the same key information as the ground truth – 40 AI engineers beta testing a new application – and adds helpful context by specifying the company (Halluminate) while remaining consistent with the question's timeframe (August).
User count of team back in August?,The latest status involves 40 AI engineers from various companies beta testing the newly released application.,The user count of the team back in August was 40 AI engineers who were beta testing the newly released application.,PASS,"The returned answer accurately reflects the ground truth by stating the user count was 40 AI engineers beta testing the application, capturing all key information."
Did Hallumiante fill their angel round?,"Yes, they filled their Angel round.","Yes, Halluminate successfully filled their angel round.",PASS,"The returned answer correctly confirms that Halluminate filled their angel round, accurately reflecting the ground truth answer."
Did Hallumiante fill their angel round?,"Yes, they filled their Angel round.",Failed to process query: 500 Server Error: Internal Server Error for url: https://bedev.booo.ai/api/process-query/,ERROR,"The returned answer is an error message (""Failed to process query: 500 Server Error..."") instead of an answer to the question, indicating a system failure rather than a meaningful response."
Did Hallumiante fill their angel round?,"Yes, they filled their Angel round.",Failed to process query: 500 Server Error: Internal Server Error for url: https://bedev.booo.ai/api/process-query/,ERROR,"The returned answer is an error message (""Failed to process query: 500 Server Error..."") instead of an answer to the question, indicating a system failure rather than a meaningful response."
What event did the team host to boost developer signups?,A hackathon,The team hosted a hackathon to boost developer signups.,PASS,"The returned answer accurately and completely addresses the question by explicitly stating that the team hosted a hackathon to boost developer signups, mirroring the ground truth answer."
What event did the team host to boost developer signups?,A hackathon,The team hosted a hackathon to boost developer signups.,PASS,"The returned answer accurately and completely addresses the question by explicitly stating that the team hosted a hackathon, which aligns perfectly with the ground truth."
What event did the team host to boost developer signups?,A hackathon,The team hosted a hackathon to boost developer signups.,PASS,"The returned answer accurately and completely addresses the question by explicitly stating that the team hosted a hackathon to boost developer signups, which perfectly aligns with the ground truth."
"From the team's research, how much are companies spending on AI eval models?",AI agent companies spend 20 to 40% of inference costs on evaluation models,Companies are spending 20 to 40% of their inference costs on AI evaluation models.,PASS,"The returned answer successfully conveys the core information of the ground truth answer, specifying the 20-40% cost range spent on AI evaluation models in relation to inference costs."
"From the team's research, how much are companies spending on AI eval models?",AI agent companies spend 20 to 40% of inference costs on evaluation models,Companies are spending 20 to 40% of inference costs on AI evaluation models.,PASS,"The returned answer successfully conveys the core information of the ground truth answer, specifying the 20-40% cost range spent on AI evaluation models relative to inference costs."
"From the team's research, how much are companies spending on AI eval models?",AI agent companies spend 20 to 40% of inference costs on evaluation models,"From the team's research, companies are already spending 20 to 40% of inference costs on AI evaluation models.",PASS,"The returned answer accurately reflects the ground truth, correctly stating that companies spend 20-40% of inference costs on AI evaluation models, including the important contextual point about it being related to inference costs."
What percentage of AI engineers are using evaluation models as a judge?,63% of AI engineers are using this methodology.,63% of AI engineers are using evaluation models as a judge.,PASS,"The returned answer matches the ground truth answer verbatim, accurately stating that 63% of AI engineers are using evaluation models as a judge."
What percentage of AI engineers are using evaluation models as a judge?,63% of AI engineers are using this methodology.,63% of AI engineers are using evaluation models as a judge.,PASS,"The returned answer matches the ground truth answer verbatim, correctly stating that 63% of AI engineers are using evaluation models as a judge."
What percentage of AI engineers are using evaluation models as a judge?,63% of AI engineers are using this methodology.,63% of AI engineers are using evaluation models as a judge.,PASS,"The returned answer matches the ground truth answer verbatim, correctly stating that 63% of AI engineers are using evaluation models as a judge."
What company is Raviv Sapir from?,Vinthera,Raviv Sapir is from Vinthera.,PASS,"The returned answer ""Raviv Sapir is from Vinthera"" correctly identifies Vinthera as the company Raviv Sapir is from, matching the ground truth answer."
What company is Raviv Sapir from?,Vinthera,Raviv Sapir is from Vinthera.,PASS,"The returned answer ""Raviv Sapir is from Vinthera"" correctly identifies Vinthera, matching the ground truth answer."
What company is Raviv Sapir from?,Vinthera,Raviv Sapir is from Vinthera.,PASS,"The returned answer ""Raviv Sapir is from Vinthera"" correctly identifies Vinthera as the company Raviv Sapir is from, matching the ground truth answer."
Which companies participated in early beta testing of the Halluminate platform?,"Engineers from companies like Harvey, Rogodata, Arkifi, Stripe, and KPMG.","The companies that participated in early beta testing of the Halluminate platform include Harvey, Rogodata, Arkifi, Stripe, and KPMG.",PASS,"The returned answer accurately lists all the companies mentioned in the ground truth as early beta testers of the Halluminate platform, fulfilling all aspects of the question."
Which companies participated in early beta testing of the Halluminate platform?,"Engineers from companies like Harvey, Rogodata, Arkifi, Stripe, and KPMG.","The companies that participated in early beta testing of the Halluminate platform include Harvey, Rogodata, Arkifi, Stripe, and KPMG.",PASS,"The returned answer accurately lists all the companies mentioned in the ground truth as early beta testers of the Halluminate platform, fulfilling all aspects of the question."
Which companies participated in early beta testing of the Halluminate platform?,"Engineers from companies like Harvey, Rogodata, Arkifi, Stripe, and KPMG.","The companies that participated in early beta testing of the Halluminate platform include Harvey, Rogodata, Arkifi, Stripe, and KPMG.",PASS,"The returned answer accurately lists all the companies mentioned in the ground truth as early beta testers of the Halluminate platform, fulfilling all aspects of the question."
Did the team ever develop an open source product?,Halluminate launched an open-source API-based product for testing and CI/CD of AI agents.,Failed to process query: 500 Server Error: Internal Server Error for url: https://bedev.booo.ai/api/process-query/,ERROR,"The returned answer is an error message (""Failed to process query: 500 Server Error..."") instead of addressing the question about the development of an open-source product."
Did the team ever develop an open source product?,Halluminate launched an open-source API-based product for testing and CI/CD of AI agents.,Failed to process query: 500 Server Error: Internal Server Error for url: https://bedev.booo.ai/api/process-query/,ERROR,"The returned answer is an error message (""Failed to process query: 500 Server Error..."") instead of an answer regarding the development of an open-source product."
Did the team ever develop an open source product?,Halluminate launched an open-source API-based product for testing and CI/CD of AI agents.,Failed to process query: 500 Server Error: Internal Server Error for url: https://bedev.booo.ai/api/process-query/,ERROR,"The returned answer is an error message (""Failed to process query: 500 Server Error..."") instead of an answer about the development of an open-source product."
When are Halluminate's business updates released?,Business updates are released on the first Friday of every month.,"Halluminate's business updates appear to be released periodically, with examples from January 2025, November 2024, and July 2024. The exact schedule or frequency of these updates is not specified.",FAIL,"While the returned answer acknowledges the existence of business updates and provides some examples, it fails to identify the crucial recurring pattern of their release on the first Friday of every month as stated in the ground truth."
When are Halluminate's business updates released?,Business updates are released on the first Friday of every month.,"Halluminate's business updates appear to be released periodically, with examples from January 2025, November 2024, and July 2024. The exact schedule or frequency of these updates is not specified.",FAIL,"While the returned answer acknowledges the existence of business updates and provides some examples, it fails to identify the crucial recurring pattern of the first Friday of each month as stated in the ground truth."
When are Halluminate's business updates released?,Business updates are released on the first Friday of every month.,"Halluminate's business updates appear to be released periodically, with examples from January 2025, November 2024, and July 2024. The exact schedule or frequency is not specified, but they seem to be shared at various times throughout the year.",FAIL,"While the returned answer acknowledges the existence of business updates and provides some examples, it fails to identify the crucial recurring pattern of the first Friday of each month as stated in the ground truth."
Which accelerators supported Halluminate?,Alchemist Accelerator and Antler are backing Halluminate.,Halluminate is backed by Alchemist Accelerator and Antler.,PASS,"The returned answer conveys the same core information as the ground truth, confirming that Alchemist Accelerator and Antler are backing Halluminate, albeit with slightly different phrasing."
Which accelerators supported Halluminate?,Alchemist Accelerator and Antler are backing Halluminate.,Halluminate is supported by Alchemist Accelerator and Antler.,PASS,"The returned answer conveys the same core information as the ground truth, confirming that Alchemist Accelerator and Antler support Halluminate, using slightly different phrasing."
Which accelerators supported Halluminate?,Alchemist Accelerator and Antler are backing Halluminate.,Halluminate is supported by Alchemist Accelerator and Antler.,PASS,"The returned answer conveys the same core information as the ground truth, confirming that Alchemist Accelerator and Antler support Halluminate, albeit using slightly different phrasing."
What month and year was Alchemist demo day?,Alchemist Demo day was October 2024,Failed to process query: 500 Server Error: Internal Server Error for url: https://bedev.booo.ai/api/process-query/,ERROR,"The returned answer is an error message (""Failed to process query: 500 Server Error..."") instead of an answer to the question about Alchemist Demo Day."
What month and year was Alchemist demo day?,Alchemist Demo day was October 2024,Failed to process query: 500 Server Error: Internal Server Error for url: https://bedev.booo.ai/api/process-query/,ERROR,"The returned answer is an error message (""Failed to process query: 500 Server Error..."") instead of an answer to the question about Alchemist Demo Day."
What month and year was Alchemist demo day?,Alchemist Demo day was October 2024,Failed to process query: 500 Server Error: Internal Server Error for url: https://bedev.booo.ai/api/process-query/,ERROR,"The returned answer is an error message (""Failed to process query: 500 Server Error..."") instead of an answer to the question about Alchemist Demo Day."
How many engineers were interviewed for the product pivoit?,The product pivot was informed by interviews with 80+ AI engineers,The context does not provide specific information on the number of engineers interviewed for the product pivot.,FAIL,"The returned answer states it cannot find the information, while the ground truth explicitly states that 80+ AI engineers were interviewed."
How many engineers were interviewed for the product pivoit?,The product pivot was informed by interviews with 80+ AI engineers,The context does not provide specific information on the number of engineers interviewed for the product pivot.,FAIL,"The returned answer states that the context doesn't provide the information, while the ground truth explicitly states that 80+ AI engineers were interviewed."
How many engineers were interviewed for the product pivoit?,The product pivot was informed by interviews with 80+ AI engineers,The context does not provide specific information on the number of engineers interviewed for the product pivot.,FAIL,"The returned answer states it cannot find the information, while the ground truth explicitly states that 80+ AI engineers were interviewed."
Who is Gaby Lorenzi,Gaby Lorenzi is an investor at Primary Venture Partners,"Gaby Lorenzi is a recipient of an email from Jerry Wu at Halluminate.ai, and is associated with Primary.vc.",FAIL,"While the returned answer correctly links Gaby Lorenzi to Primary.vc (Primary Venture Partners), it fails to mention her role as an investor and instead focuses on an email interaction, omitting her key professional identity."
Who is Gaby Lorenzi,Gaby Lorenzi is an investor at Primary Venture Partners,"Gaby Lorenzi is a recipient of an email from Jerry Wu at Halluminate.ai, and is associated with Primary.vc.",FAIL,"While the returned answer correctly links Gaby Lorenzi to Primary.vc (Primary Venture Partners), it fails to mention her role as an investor and instead focuses on an irrelevant email interaction, omitting the key information about her profession."
Who is Gaby Lorenzi,Gaby Lorenzi is an investor at Primary Venture Partners,"Gaby Lorenzi is a recipient of an email from Jerry Wu at Halluminate.ai, and she is associated with Primary.vc.",FAIL,"While the returned answer correctly links Gaby Lorenzi to Primary.vc (which is Primary Venture Partners), it fails to mention her role as an investor and instead focuses on an email interaction, omitting her key professional identity."
